{
    "textures": [
        {
            "image": "RUN.png",
            "format": "RGBA8888",
            "size": {
                "w": 1024,
                "h": 64
            },
            "scale": 1,
            "frames": [
                {
                    "filename": "run/frame0000",
                    "rotated": false,
                    "trimmed": false,
                    "sourceSize": {
                        "w": 128,
                        "h": 64
                    },
                    "spriteSourceSize": {
                        "x": 0,
                        "y": 0,
                        "w": 128,
                        "h": 64
                    },
                    "frame": {
                        "x": 0,
                        "y": 0,
                        "w": 128,
                        "h": 64
                    }
                },
                {
                    "filename": "run/frame0001",
                    "rotated": false,
                    "trimmed": false,
                    "sourceSize": {
                        "w": 128,
                        "h": 64
                    },
                    "spriteSourceSize": {
                        "x": 0,
                        "y": 0,
                        "w": 128,
                        "h": 64
                    },
                    "frame": {
                        "x": 128,
                        "y": 0,
                        "w": 128,
                        "h": 64
                    }
                },
                {
                    "filename": "run/frame0002",
                    "rotated": false,
                    "trimmed": false,
                    "sourceSize": {
                        "w": 128,
                        "h": 64
                    },
                    "spriteSourceSize": {
                        "x": 0,
                        "y": 0,
                        "w": 128,
                        "h": 64
                    },
                    "frame": {
                        "x": 256,
                        "y": 0,
                        "w": 128,
                        "h": 64
                    }
                },
                {
                    "filename": "run/frame0003",
                    "rotated": false,
                    "trimmed": false,
                    "sourceSize": {
                        "w": 128,
                        "h": 64
                    },
                    "spriteSourceSize": {
                        "x": 0,
                        "y": 0,
                        "w": 128,
                        "h": 64
                    },
                    "frame": {
                        "x": 384,
                        "y": 0,
                        "w": 128,
                        "h": 64
                    }
                },
                {
                    "filename": "run/frame0004",
                    "rotated": false,
                    "trimmed": false,
                    "sourceSize": {
                        "w": 128,
                        "h": 64
                    },
                    "spriteSourceSize": {
                        "x": 0,
                        "y": 0,
                        "w": 128,
                        "h": 64
                    },
                    "frame": {
                        "x": 512,
                        "y": 0,
                        "w": 128,
                        "h": 64
                    }
                },
                {
                    "filename": "run/frame0005",
                    "rotated": false,
                    "trimmed": false,
                    "sourceSize": {
                        "w": 128,
                        "h": 64
                    },
                    "spriteSourceSize": {
                        "x": 0,
                        "y": 0,
                        "w": 128,
                        "h": 64
                    },
                    "frame": {
                        "x": 640,
                        "y": 0,
                        "w": 128,
                        "h": 64
                    }
                },
                {
                    "filename": "run/frame0006",
                    "rotated": false,
                    "trimmed": false,
                    "sourceSize": {
                        "w": 128,
                        "h": 64
                    },
                    "spriteSourceSize": {
                        "x": 0,
                        "y": 0,
                        "w": 128,
                        "h": 64
                    },
                    "frame": {
                        "x": 768,
                        "y": 0,
                        "w": 128,
                        "h": 64
                    }
                },
                {
                    "filename": "run/frame0007",
                    "rotated": false,
                    "trimmed": false,
                    "sourceSize": {
                        "w": 128,
                        "h": 64
                    },
                    "spriteSourceSize": {
                        "x": 0,
                        "y": 0,
                        "w": 128,
                        "h": 64
                    },
                    "frame": {
                        "x": 896,
                        "y": 0,
                        "w": 128,
                        "h": 64
                    }
                }
            ]
        }
    ],
    "meta": {
        "app": "https://www.codeandweb.com/texturepacker",
        "version": "3.0",
        "image": "RUN.png",
        "format": "RGBA8888",
        "size": {"w": 1024, "h": 64},
        "scale": "1",
        "smartupdate": "$TexturePacker:SmartUpdate:..."
    }
}
